{"stats":{"minecraft:used":{"minecraft:stone_pickaxe":55,"minecraft:chest":5,"minecraft:orange_bed":7,"minecraft:crafting_table":2,"minecraft:red_bed":5,"minecraft:bread":4,"minecraft:iron_pickaxe":59,"minecraft:golden_helmet":1,"minecraft:stone_axe":2,"minecraft:golden_sword":30,"minecraft:wooden_sword":2,"minecraft:cobblestone":102,"minecraft:hay_block":8,"minecraft:porkchop":3,"minecraft:golden_axe":37},"minecraft:broken":{"minecraft:golden_sword":1,"minecraft:golden_axe":1},"minecraft:picked_up":{"minecraft:crafting_table":1,"minecraft:wheat":1,"minecraft:leather":2,"minecraft:smithing_table":1,"minecraft:brewing_stand":1,"minecraft:paper":13,"minecraft:red_bed":5,"minecraft:compass":1,"minecraft:wheat_seeds":16,"minecraft:cartography_table":2,"minecraft:grindstone":1,"minecraft:beef":3,"minecraft:iron_ingot":5,"minecraft:iron_nugget":18,"minecraft:tall_grass":3,"minecraft:poppy":2,"minecraft:chest":5,"minecraft:acacia_sapling":3,"minecraft:pumpkin":6,"minecraft:acacia_log":10,"minecraft:fire_charge":1,"minecraft:porkchop":3,"minecraft:orange_bed":8,"minecraft:hay_block":42,"minecraft:bread":10,"minecraft:cobblestone":109,"minecraft:mutton":1,"minecraft:white_wool":1},"minecraft:crafted":{"minecraft:wooden_sword":1,"minecraft:crafting_table":1,"minecraft:iron_sword":1,"minecraft:stone_axe":1,"minecraft:bread":66,"minecraft:stick":8,"minecraft:iron_ingot":2,"minecraft:iron_pickaxe":1,"minecraft:stone_pickaxe":1,"minecraft:acacia_planks":40,"minecraft:wheat":198},"minecraft:killed":{"minecraft:pig":1,"minecraft:iron_golem":1,"minecraft:sheep":1,"minecraft:zombie":1,"minecraft:cow":2},"minecraft:mined":{"minecraft:smithing_table":1,"minecraft:acacia_leaves":3,"minecraft:red_bed":5,"minecraft:brewing_stand":1,"minecraft:crafting_table":1,"minecraft:acacia_log":10,"minecraft:chest":5,"minecraft:tall_grass":4,"minecraft:cobblestone":5,"minecraft:grindstone":1,"minecraft:cartography_table":2,"minecraft:hay_block":42,"minecraft:wheat":4,"minecraft:pumpkin":8,"minecraft:grass":77,"minecraft:stone":105,"minecraft:orange_bed":8},"minecraft:custom":{"minecraft:mob_kills":6,"minecraft:interact_with_crafting_table":6,"minecraft:bell_ring":1,"minecraft:leave_game":6,"minecraft:sleep_in_bed":2,"minecraft:time_since_death":33773,"minecraft:time_since_rest":6461,"minecraft:sprint_one_cm":62790,"minecraft:damage_taken":178,"minecraft:walk_one_cm":56868,"minecraft:drop":2,"minecraft:damage_dealt":1587,"minecraft:talked_to_villager":1,"minecraft:fly_one_cm":67710,"minecraft:open_chest":17,"minecraft:crouch_one_cm":11312,"minecraft:play_time":33773,"minecraft:sneak_time":3684,"minecraft:walk_under_water_one_cm":320,"minecraft:jump":341,"minecraft:walk_on_water_one_cm":1878,"minecraft:total_world_time":33773,"minecraft:fall_one_cm":10467},"minecraft:dropped":{"minecraft:tall_grass":3,"minecraft:acacia_sapling":3}},"DataVersion":3465}