{"stats":{"minecraft:killed":{"minecraft:zombie":1},"minecraft:picked_up":{"minecraft:acacia_log":3,"minecraft:fire_charge":1,"minecraft:iron_nugget":18,"minecraft:chest":1},"minecraft:mined":{"minecraft:acacia_log":3,"minecraft:acacia_leaves":2,"minecraft:chest":1},"minecraft:used":{"minecraft:golden_helmet":1,"minecraft:golden_sword":6,"minecraft:golden_axe":1},"minecraft:custom":{"minecraft:time_since_rest":3317,"minecraft:open_chest":1,"minecraft:crouch_one_cm":6,"minecraft:play_time":3317,"minecraft:sprint_one_cm":2661,"minecraft:damage_taken":58,"minecraft:walk_one_cm":2606,"minecraft:sneak_time":96,"minecraft:mob_kills":1,"minecraft:jump":15,"minecraft:damage_dealt":199,"minecraft:time_since_death":3317,"minecraft:total_world_time":3317,"minecraft:fall_one_cm":1438,"minecraft:fly_one_cm":4697}},"DataVersion":3465}